{
  "2010-2013": {
    "selected_features": [
      "6b_z_score_hour",
      "n7_bar",
      "ym_hourly_return",
      "6c_daily_z_pipeline",
      "si_z_score_day",
      "nq_hourly_return",
      "6b_z_score_day",
      "6m_hourly_z_score",
      "rty_hourly_return",
      "bb_high_d",
      "ibs",
      "es_hourly_return",
      "prev_ibs",
      "enableRSIEntry2Len",
      "ng_daily_return",
      "ser",
      "hg_daily_z_score",
      "enableIBSEntry",
      "tlt_hourly_z_pipeline",
      "dvolz_pct",
      "dist_z",
      "6a_hourly_return",
      "prev_day_pct_pct",
      "6b_hourly_return",
      "6e_hourly_return",
      "6c_hourly_return",
      "6j_daily_return_pipeline",
      "rsi",
      "es_hourly_return_pipeline",
      "gc_hourly_return_pipeline"
    ],
    "importance": {
      "6b_z_score_hour": 0.13419594589786643,
      "n7_bar": 0.0824150166391396,
      "ym_hourly_return": 0.06869770147309046,
      "6c_daily_z_pipeline": 0.051614026456875836,
      "si_z_score_day": 0.05511881529469332,
      "nq_hourly_return": 0.049363658199040476,
      "6b_z_score_day": 0.048773033675796156,
      "6m_hourly_z_score": 0.05170934336132256,
      "rty_hourly_return": 0.02849074975077702,
      "bb_high_d": 0.03828764593302425,
      "ibs": 0.029570998910195094,
      "es_hourly_return": 0.02105704392019903,
      "prev_ibs": 0.032808582555315706,
      "enableRSIEntry2Len": 0.0333411466156993,
      "ng_daily_return": 0.03118774039341375,
      "ser": 0.02290956793673185,
      "hg_daily_z_score": 0.02477607448047418,
      "enableIBSEntry": 0.033239429773781685,
      "tlt_hourly_z_pipeline": 0.026726161271394523,
      "dvolz_pct": 0.010027844868415374,
      "dist_z": 0.010196022583810829,
      "6a_hourly_return": 0.008082546522515381,
      "prev_day_pct_pct": 0.03233293420943492,
      "6b_hourly_return": 0.02577281697241292,
      "6e_hourly_return": 0.005314658976073117,
      "6c_hourly_return": 0.017524093752865955,
      "6j_daily_return_pipeline": 0.003504602792860562,
      "rsi": 0.010541803966411327,
      "es_hourly_return_pipeline": 0.00511921526048293,
      "gc_hourly_return_pipeline": 0.007300777555885258
    }
  },
  "2011-2014": {
    "selected_features": [
      "6b_z_score_hour",
      "6c_daily_z_pipeline",
      "n7_bar",
      "si_z_score_day",
      "dist_z",
      "6b_z_score_day",
      "6m_hourly_z_score",
      "ser",
      "prev_ibs",
      "ym_hourly_return",
      "bb_high_d",
      "ng_daily_return",
      "tlt_hourly_return",
      "prev_day_pct_pct",
      "enableRSIEntry2Len",
      "6j_z_score_day",
      "hg_daily_z_score",
      "dvolz_pct",
      "nq_hourly_return",
      "rty_hourly_return",
      "tlt_hourly_z_pipeline",
      "6e_hourly_return_pipeline",
      "6b_hourly_return_pipeline",
      "enableDOM",
      "es_daily_z_score",
      "6j_hourly_return",
      "ym_z_score_hour",
      "pair_z_pct",
      "6m_hourly_z_pipeline",
      "pl_hourly_z_pipeline"
    ],
    "importance": {
      "6b_z_score_hour": 0.18013132766662782,
      "6c_daily_z_pipeline": 0.1370171925850251,
      "n7_bar": 0.06063483184664836,
      "si_z_score_day": 0.06289015501120981,
      "dist_z": 0.03873534492973267,
      "6b_z_score_day": 0.040997393273984425,
      "6m_hourly_z_score": 0.049092944017098225,
      "ser": 0.02570264847076053,
      "prev_ibs": 0.03205039668258879,
      "ym_hourly_return": 0.030215973890428488,
      "bb_high_d": 0.029051969556020407,
      "ng_daily_return": 0.03435513446007639,
      "tlt_hourly_return": 0.013887860550090897,
      "prev_day_pct_pct": 0.027916465938674626,
      "enableRSIEntry2Len": 0.023352890413559153,
      "6j_z_score_day": 0.014477157338862531,
      "hg_daily_z_score": 0.020430328101343626,
      "dvolz_pct": 0.018359032627179202,
      "nq_hourly_return": 0.01324613694502412,
      "rty_hourly_return": 0.021058638679535432,
      "tlt_hourly_z_pipeline": 0.015094850071842953,
      "6e_hourly_return_pipeline": 0.005222976358525781,
      "6b_hourly_return_pipeline": 0.0067301047838920335,
      "enableDOM": 0.013614488551475595,
      "es_daily_z_score": 0.017590813988078987,
      "6j_hourly_return": 0.004751828364320662,
      "ym_z_score_hour": 0.006373859373201648,
      "pair_z_pct": 0.023301613397857524,
      "6m_hourly_z_pipeline": 0.021028099194862343,
      "pl_hourly_z_pipeline": 0.01268754293147189
    }
  },
  "2012-2015": {
    "selected_features": [
      "6c_daily_z_pipeline",
      "6b_z_score_hour",
      "6b_z_score_day",
      "n7_bar",
      "pricez",
      "si_z_score_day",
      "enableDOM",
      "tlt_hourly_return",
      "dist_z",
      "pair_z_pct",
      "prev_day_pct_pct",
      "bb_high_d",
      "prev_ibs",
      "6j_z_score_day",
      "6m_hourly_z_pipeline",
      "hg_daily_z_score",
      "enableBegWeek",
      "es_daily_z_score",
      "ym_z_score_hour",
      "rsi",
      "ema20",
      "dvolz_pct",
      "nq_daily_return_pipeline",
      "rty_daily_return_pipeline",
      "ng_daily_return",
      "rty_z_score_day",
      "6e_daily_return_pipeline",
      "6m_hourly_z_score",
      "6j_hourly_return",
      "nq_z_score_day"
    ],
    "importance": {
      "6c_daily_z_pipeline": 0.15139965917633,
      "6b_z_score_hour": 0.09899916043870485,
      "6b_z_score_day": 0.06541487396733084,
      "n7_bar": 0.07477636620373282,
      "pricez": 0.06018596986047082,
      "si_z_score_day": 0.04641713921888328,
      "enableDOM": 0.043380575381891044,
      "tlt_hourly_return": 0.0466271761515548,
      "dist_z": 0.04388571235419186,
      "pair_z_pct": 0.03975534982764181,
      "prev_day_pct_pct": 0.027473413736318193,
      "bb_high_d": 0.02237420136751694,
      "prev_ibs": 0.02247324201603084,
      "6j_z_score_day": 0.02125485773360283,
      "6m_hourly_z_pipeline": 0.02431060878069397,
      "hg_daily_z_score": 0.031729908919173225,
      "enableBegWeek": 0.024106916197286114,
      "es_daily_z_score": 0.02449124182230247,
      "ym_z_score_hour": 0.016955770754514068,
      "rsi": 0.007769867838702335,
      "ema20": 0.011626190810331356,
      "dvolz_pct": 0.008436278679921696,
      "nq_daily_return_pipeline": 0.008573025932022936,
      "rty_daily_return_pipeline": 0.01402959880824129,
      "ng_daily_return": 0.017921874533811607,
      "rty_z_score_day": 0.0075575752090498985,
      "6e_daily_return_pipeline": 0.004148643759214998,
      "6m_hourly_z_score": 0.01430791939699161,
      "6j_hourly_return": 0.00706615864592579,
      "nq_z_score_day": 0.012550722477615824
    }
  },
  "2013-2016": {
    "selected_features": [
      "6c_daily_z_pipeline",
      "pricez",
      "si_z_score_day",
      "enableBegWeek",
      "prev_day_pct_pct",
      "6b_z_score_day",
      "enableDOM",
      "tlt_hourly_return",
      "dist_z",
      "6b_z_score_hour",
      "pair_z_pct",
      "datrz_pct",
      "6e_hourly_z_score",
      "rty_z_score_day",
      "6j_z_score_day",
      "ema20",
      "ym_z_score_hour",
      "prev_day_pct",
      "n7_bar",
      "6m_hourly_z_pipeline",
      "si_daily_z_score",
      "nq_daily_return_pipeline",
      "rty_daily_return_pipeline",
      "6b_daily_z_pipeline",
      "bb_high_d",
      "6e_daily_return_pipeline",
      "nq_hourly_return",
      "pl_daily_z_pipeline",
      "prev_ibs",
      "6m_daily_z_pipeline"
    ],
    "importance": {
      "6c_daily_z_pipeline": 0.11755135153754907,
      "pricez": 0.1320823365147541,
      "si_z_score_day": 0.05242393914588814,
      "enableBegWeek": 0.046633954555779136,
      "prev_day_pct_pct": 0.042136427801997244,
      "6b_z_score_day": 0.04027183964452603,
      "enableDOM": 0.04023772336155907,
      "tlt_hourly_return": 0.04947830915474348,
      "dist_z": 0.043466941042359916,
      "6b_z_score_hour": 0.05227383743111221,
      "pair_z_pct": 0.0360220710086109,
      "datrz_pct": 0.022105835120014794,
      "6e_hourly_z_score": 0.02891609338015992,
      "rty_z_score_day": 0.019248965954838725,
      "6j_z_score_day": 0.04046992493730839,